1.008000000000000007e+00,9.000000000000000222e-01,1.546000000000000085e+01,1.676000000000000156e+01,2.978947083185561409e-02,6.255182289716375577e-01,2.998022926814562973e-07,6.136928532607459630e+00,5.470344352820139200e+00,1.791487653275437756e-08,5.630592378526208641e+00
1.203999999999999959e+00,1.520000000000000018e+00,1.191000000000000014e+01,1.183000000000000007e+01,6.595298031386966076e-02,1.066251361968961975e+00,3.171903671423757821e-06,4.764368334506099423e+00,2.438383135659916637e-07,7.612959847301556948e+00,3.067218232731980798e+00
1.147999999999999909e+00,3.599999999999999867e-01,1.530000000000000027e+00,5.259999999999999787e+00,2.653326452329673318e-02,1.565491513317812944e-01,0.000000000000000000e+00,6.384852644552072006e-10,1.272315586220348364e-13,1.698641227676345114e-13,2.397865968558192229e+00
1.124000000000000110e+00,3.549999999999999822e+00,3.332000000000000028e+01,3.503999999999999915e+01,3.862016194970278177e-02,1.789769472931694305e-01,4.796550421945409148e+00,6.445954534986277906e+00,3.829449395316308551e-08,3.215779196566005847e-07,5.467046366585877060e+00
1.048000000000000043e+00,7.000000000000000666e-02,6.500000000000000222e-01,8.399999999999999689e-01,1.661554755717738197e-02,8.493357493671611913e-02,1.156432620353011309e+00,1.447959461115211344e+00,2.427830884615011690e-08,2.434904716471185004e+00,4.199519742713261117e+00
1.050999999999999934e+00,9.100000000000000311e-01,8.589999999999999858e+00,7.469999999999999751e+00,3.059972196595106206e-02,9.201847075279702415e-02,5.773159728050797444e-15,5.098965693986944200e-11,1.021405182655138811e-14,2.613576022235927177e-11,3.784185645817712551e+00
1.205000000000000071e+00,3.499999999999999778e-01,4.740000000000000213e+00,1.538000000000000078e+01,3.462845662532033908e-02,3.789426986134373232e-01,3.471558011324198449e-07,7.836367107699083025e-10,7.045040104363960619e-10,5.435503587996326775e-09,6.098073733535471774e+00
1.292000000000000037e+00,3.319999999999999840e+00,1.375999999999999979e+01,1.264000000000000057e+01,7.188200730612535894e-02,5.485122563410355090e-01,6.730413975892814982e+00,6.735359783718387838e+00,2.704511067385073852e-08,4.075151059522007735e+00,1.682920417778489203e-06
1.187999999999999945e+00,7.000000000000000666e-02,8.100000000000000533e-01,1.635999999999999943e+01,2.897770520877799780e-02,2.187979981117375294e-01,1.151398531410385173e-09,5.462430507769534773e-11,1.140065819520582049e-11,1.925279935292084468e-10,5.662960162244456974e+00
1.032000000000000028e+00,1.260000000000000009e+00,5.889999999999999680e+00,6.309999999999999609e+00,3.019478535675124142e-02,1.149444157125846661e-01,4.268734401949545010e+00,6.844460905446867471e+00,4.946556464218184824e-08,6.469995425065091510e+00,2.966322815094801335e+00
1.459999999999999964e+00,2.000000000000000111e-01,1.340000000000000080e+00,1.971999999999999886e+01,4.375512696867948914e-02,5.027001753105626580e-01,7.881672958990251042e-08,1.972420004908481740e-10,6.729061752230433761e-12,1.272613125910051833e-10,5.973808680034379925e+00
1.308999999999999941e+00,1.600000000000000033e-01,8.000000000000000444e-01,2.507999999999999829e+01,4.178731897175176624e-02,3.725438007590703426e-01,2.757793993168508679e-13,2.262917406452345727e-09,1.731947918415229057e-14,2.664535259100372147e-15,5.323009979138407566e+00
0.000000000000000000e+00,0.000000000000000000e+00,0.000000000000000000e+00,0.000000000000000000e+00,0.000000000000000000e+00,0.000000000000000000e+00,6.936343525464272100e-08,6.700083236386324081e+00,5.360139785769209020e+00,1.386185834815092211e-06,4.519300457761915801e+00
0.000000000000000000e+00,2.399999999999999911e-01,1.000000000000000000e+00,1.059999999999999964e+01,4.020662757471112070e-02,4.114513421379374369e-01,1.272786320701871127e-10,3.307160761994190655e-09,3.726574604449856650e-12,3.136602089166073199e-12,6.033086368166071800e+00
1.233999999999999986e+00,3.200000000000000178e+00,1.917999999999999972e+01,5.339000000000000057e+01,5.994188806195468316e-02,4.286206726719389293e-01,6.816769371198228918e-14,1.515274571335320940e-09,4.938272013531476524e-13,5.151434834260593819e-14,4.948759024630896342e+00
1.135000000000000009e+00,4.839999999999999858e+00,1.662000000000000099e+01,1.855000000000000071e+01,1.192558892779366914e-01,5.984622004741504409e-01,2.818032473641935284e-10,5.170209645995430314e+00,1.693327700137265530e-10,1.138928728456680373e-09,5.283447762128635539e+00
0.000000000000000000e+00,6.400000000000000133e-01,4.410000000000000142e+00,4.870000000000000107e+00,5.537833137500011021e-02,3.541084391474008664e-01,6.440468573112674100e-08,5.465580251807926615e+00,1.320575203872086135e-09,6.685374473999362739e-10,5.748076462170811141e+00
1.312000000000000055e+00,4.099999999999999645e+00,2.030999999999999872e+01,3.475999999999999801e+01,7.335170238690094657e-02,4.847268042986617731e-01,6.123688221294687902e-10,6.572282969513191020e+00,7.528415665811186213e-10,6.495022295660726191e-10,9.773295686389900602e-07
1.352999999999999980e+00,3.520000000000000018e+00,1.651999999999999957e+01,1.346000000000000085e+01,5.346260492545529264e-02,3.706980925755768430e-01,6.383184808234013019e+00,6.819977917117175714e+00,2.181033321394105329e+00,2.727655541717961984e+00,8.232610706672361051e-04
1.201999999999999957e+00,5.160000000000000142e+00,2.114999999999999858e+01,3.370000000000000284e+01,1.095785469043866478e-01,5.581083016305496969e-01,3.063518327436710477e-10,4.066461928884344442e-08,4.608757819813329769e-12,4.789502128231778249e-13,5.780742856461720258e+00
0.000000000000000000e+00,0.000000000000000000e+00,0.000000000000000000e+00,0.000000000000000000e+00,0.000000000000000000e+00,0.000000000000000000e+00,8.122972415151503889e-07,5.695533108248358012e+00,6.246084172755721475e+00,7.056585293145396953e+00,1.984673039760771492e-06
0.000000000000000000e+00,2.200000000000000178e+00,9.970000000000000639e+00,1.082000000000000028e+01,4.178731897175176624e-02,2.882492255719860119e-01,4.008975373088959687e-10,6.558197110214511127e+00,4.257766574684146475e-09,3.956768682643781413e-09,5.898756364428038214e-07
1.028000000000000025e+00,1.499999999999999944e-01,8.100000000000000533e-01,3.180000000000000160e+00,2.242837118548648978e-02,1.595671932336202858e-01,1.662374682215909567e-10,1.166533536366104480e-10,1.366839974527673898e-11,2.743725246624437563e-10,5.680172400705932212e+00
1.094999999999999973e+00,5.540000000000000036e+00,1.725000000000000000e+01,1.926999999999999957e+01,2.734960777475650695e-02,1.417632302757879936e-01,5.019616709681076076e-09,3.927770742563610605e-08,6.303846333622946176e-11,3.529199155076663753e-11,6.109247108046370833e+00
1.187999999999999945e+00,2.600000000000000089e+00,8.189999999999999503e+00,1.233999999999999986e+01,4.296907339318013080e-02,1.728946977521761130e-01,5.347453699983891973e+00,2.602933231269355829e+00,8.058153223307497195e-09,9.477443673797431417e-09,6.116827156394853304e+00
1.249000000000000110e+00,7.600000000000000089e-01,9.689999999999999503e+00,1.614999999999999858e+01,4.960561259497315439e-02,2.276296495710087020e-01,7.010843436754333298e-09,7.204893326424854472e+00,2.412036585795380009e-08,1.443965951455418390e-06,1.313140301320838132e-07
1.312999999999999945e+00,3.299999999999999822e+00,1.469999999999999929e+01,3.774000000000000199e+01,7.335170238690094657e-02,4.949889736831680764e-01,5.935646598686146191e+00,3.857039438673871778e+00,1.725521577390222400e-08,2.992179259562917591e-08,6.050653381666752040e+00
1.110000000000000098e+00,1.870000000000000107e+00,1.685000000000000142e+01,2.144000000000000128e+01,8.813608870055129885e-02,4.945719842301986580e-01,5.002865917989974544e-07,6.594917561545440954e+00,5.549063497799344269e+00,6.153016013524978511e+00,4.212141952339983675e+00
1.294000000000000039e+00,5.000000000000000000e-01,2.629999999999999893e+00,1.599000000000000021e+01,4.020662757471112070e-02,5.056925074122000652e-01,7.572211581326739882e+00,3.838473903666610757e-07,3.095834472870056068e-09,1.624056277477088071e-07,4.017571674770676005e+00
1.264000000000000012e+00,6.099999999999999867e-01,2.370000000000000107e+00,1.189000000000000057e+01,4.921802267018165339e-02,3.590762260592629262e-01,7.207932025947330956e+00,5.837990302163688305e+00,1.756521668233297395e-08,1.904417336974241547e-06,2.283650765755521395e+00
1.165999999999999925e+00,5.699999999999999512e-01,5.250000000000000000e+00,9.300000000000000711e+00,4.414762087872280139e-02,1.801258751640539557e-01,4.753308857618848219e-12,2.792477360419189126e-11,1.110223024625094946e-13,1.391109449854353610e-12,2.079430514759756043e+00
1.155000000000000027e+00,0.000000000000000000e+00,0.000000000000000000e+00,0.000000000000000000e+00,0.000000000000000000e+00,0.000000000000000000e+00,1.094400243828285846e-07,4.308938075415754021e+00,7.631166295159747648e+00,9.776732189965222641e-08,4.942975152294502905e+00
1.441000000000000059e+00,6.169999999999999929e+00,3.307000000000000028e+01,5.535999999999999943e+01,3.100428136353682376e-02,7.129021250472227234e-01,8.556913007528227785e-07,1.019714820550126808e-07,9.643855026938960714e-08,7.756197434191010487e+00,1.816276712522102684e-08
1.159000000000000030e+00,3.220000000000000195e+00,2.133999999999999986e+01,1.778000000000000114e+01,5.994188806195468316e-02,4.099331233312946132e-01,3.797063204619067546e-07,7.839250653467334641e-07,7.948388475923878538e+00,1.099824394266391242e-06,3.345171260037921772e-07
1.205999999999999961e+00,7.900000000000000355e-01,3.189999999999999947e+00,1.473000000000000043e+01,5.804623039528174211e-02,2.826221128780626035e-01,3.996802888650555657e-15,1.381783576447515220e-12,4.440892098500625176e-16,2.279287869552848917e-12,3.496501145818680545e+00
1.241000000000000103e+00,1.179999999999999938e+00,2.720000000000000195e+00,1.230000000000000071e+01,2.897770520877799780e-02,2.422929049829309067e-01,7.408530862822613194e+00,5.068085181778913655e-07,2.402286152334511010e-07,1.610504977255124236e-06,3.437079079090110658e-07
1.028999999999999915e+00,5.200000000000000178e-01,3.500000000000000000e+00,5.790000000000000036e+00,3.140846425162411443e-02,2.289134059946880684e-01,1.685077485560450435e-08,6.934396140178412438e+00,1.596524244864652337e-09,1.007962658054955300e-07,3.971258941406287423e-07
1.028999999999999915e+00,0.000000000000000000e+00,0.000000000000000000e+00,0.000000000000000000e+00,0.000000000000000000e+00,0.000000000000000000e+00,9.533196449925724792e-10,6.158529976029592845e+00,5.858284966524948456e-10,4.780076333611401369e-10,4.830448968280307120e+00
1.258000000000000007e+00,1.530000000000000027e+00,8.660000000000000142e+00,8.839999999999999858e+00,3.702787975577494228e-02,3.228392726863210660e-01,1.962254721724879584e-06,2.442425712124677953e-06,7.723566554479034303e-08,7.549354005650989130e+00,4.459966496507194123e+00
1.008000000000000007e+00,1.209999999999999964e+00,9.349999999999999645e+00,7.990000000000000213e+00,3.422726077055066041e-02,1.389339402569236825e-01,4.896370917260187916e+00,6.488604603047424035e+00,6.661824300553966793e+00,1.990918072716634115e-06,3.388279178663855973e+00
1.203000000000000069e+00,2.330000000000000071e+00,1.049000000000000021e+01,1.121000000000000085e+01,5.346260492545529264e-02,2.452658394574612211e-01,4.585787644386422294e-08,6.729395784717128848e+00,1.975083650233206713e-09,3.686460463425258641e-09,8.579290784368924783e-01
1.012999999999999901e+00,5.799999999999999600e-01,5.349999999999999645e+00,6.580000000000000071e+00,5.269394192496786034e-02,3.005954838899634884e-01,0.000000000000000000e+00,1.475390920437876405e-10,8.881784197001248379e-16,8.881784197001248379e-16,3.912021403254011265e+00
0.000000000000000000e+00,1.520000000000000018e+00,1.757999999999999829e+01,1.497000000000000064e+01,5.880548667590679984e-02,3.434085938038573538e-01,3.658243385212464891e-07,7.079022718077157883e+00,5.874418868969266657e-07,9.911920732390861395e-07,2.954488228834498909e+00
1.088000000000000078e+00,3.200000000000000067e-01,1.659999999999999920e+00,2.299999999999999822e+00,1.745072951053612542e-02,8.742645703628548759e-02,2.833411501406602953e-09,4.790116938246584688e+00,5.913403100346622360e-11,6.348255254804629653e-13,5.213219413255030688e+00
1.000000000000000000e+00,4.199999999999999845e-01,3.759999999999999787e+00,9.380000000000000782e+00,1.994668167884230264e-02,6.107532362979180979e-02,9.034685480181747628e-08,1.448909083217307022e-07,1.566127482093029530e-08,3.481396799083008714e-08,6.131225759714702406e+00
1.298999999999999932e+00,1.900000000000000022e-01,1.429999999999999938e+00,1.359999999999999964e+01,3.382569395331033041e-02,4.168068718229444025e-01,6.373088433324697988e+00,4.714825396642116019e-08,8.083100852049335208e-10,2.037234005168430723e-08,5.940527441847453183e+00
1.141999999999999904e+00,0.000000000000000000e+00,0.000000000000000000e+00,0.000000000000000000e+00,0.000000000000000000e+00,0.000000000000000000e+00,2.777540470129058095e-08,6.546308487257501696e+00,5.144129997616865874e-09,1.704919924027273731e-08,4.854622801876279148e+00
1.181000000000000050e+00,2.000000000000000111e-01,1.110000000000000098e+00,8.009999999999999787e+00,5.994188806195468316e-02,6.238692683503022085e-01,2.348550242893926792e-10,5.287033032198708051e-10,4.268585485069691571e-12,1.627542545166249899e-11,5.921577928744314434e+00
