6.946226739723551091e+00,6.238044026612493020e+00,5.415234011574295402e-07,5.216346200454947457e+00,3.606257314792462477e-06,6.496316523050103875e+00,2.995918222756065674e+00
1.571696360697178528e-08,6.816298377426488919e+00,5.943296583893151741e+00,1.516113899940665354e-09,3.955259270749889033e+00,4.846210080228877416e-07,2.474921925637449538e-08
6.746748948610358454e+00,5.210892474118845819e+00,1.213452928813023383e-05,2.792034657832255134e-07,4.411807553548605654e+00,1.961442999296025514e-06,7.518627296583622943e+00
1.622989075149250174e-09,2.267598705299437466e-08,2.526791086315023360e-01,7.438383242409438334e-11,7.067926685916591012e+00,5.245611042878571703e-09,1.547575174830931018e-07
6.473643842998269919e-11,5.717137872593945127e-10,5.389071033067899030e+00,1.322957299178170488e-10,2.269098684150242099e-09,1.917288550127787947e-11,4.341860204694636055e-12
7.184750660361733487e+00,6.585950135843780195e+00,2.785877948852520798e-07,1.651743281183861878e-07,6.696804493457495708e-07,3.524949594896949901e-07,1.208284386155658443e-07
1.085094692957747364e-07,2.311300989404537315e-06,2.704106812988440467e+00,3.886944536452895864e-09,7.201959614261038922e+00,1.140082066693225699e-08,2.667228535769733880e-08
4.021593643835155462e-08,6.298804726705228063e+00,6.105160193449176376e+00,2.378259808480620792e-09,1.610070694234348864e-06,1.592006815660859553e+00,5.395461840517831427e-09
2.284146001788907139e-08,5.015615750240671744e+00,6.425275413695553439e+00,1.663206625248535853e-08,4.742994702400386967e-07,9.273686259055721572e-10,7.256626408245721278e-10
4.516288560525436846e-06,5.738680315352887362e+00,1.417698417810622889e-06,8.771436525447204472e-08,4.131819286072566655e+00,9.235440926155208342e-07,7.779071322165810543e+00
1.230190786110519038e-08,8.791377195032503388e-08,3.586360027116175520e+00,1.168451335004242696e-09,7.153753245289901308e+00,2.692590591307631148e-09,1.900082029205442382e-08
1.772040276579874044e-08,5.827666202742084245e+00,6.221453693368748539e+00,8.127324558073956740e-09,9.846878383042322687e-08,3.154119187556104468e-10,4.666715901512569571e-10
2.476392806628735014e-05,5.901672902726282643e+00,1.844373632490486429e-06,1.139421931840089089e-07,6.106591470528678123e+00,2.741072302722713928e-06,7.443982343709691918e+00
6.384023135204424548e+00,6.035311308109367445e+00,5.839104573088568451e+00,2.307208862584925857e+00,1.042365536410084744e-06,4.876197845665802610e+00,3.276041461175556613e+00
4.342045149418790828e+00,6.571787053509557275e+00,4.042120852093381345e+00,6.338005120432119277e+00,5.564042769175728154e+00,1.255654986577103960e-06,1.859837764040679762e-07
1.006333810051547953e-07,6.672656236884651371e+00,5.254925496721077671e+00,3.138118338130170513e-08,2.566665625939412536e-07,7.761590451315398754e-09,3.219420058688992651e-09
3.169040091201204384e-08,6.440250283362379591e+00,6.105766187938889367e+00,3.058456197049956786e-08,1.750025393568999701e-07,3.127648357630903217e-09,2.212049208023887048e-09
6.779019706177436433e+00,5.272133031770475320e+00,5.725648592660628644e+00,2.222988550400581214e-07,4.747798195488900141e+00,1.964068394889296697e-07,2.496088002296408603e-07
2.190847503389807184e-11,4.629635775129867405e-09,6.077642243349034246e+00,1.237232538641509064e-12,3.823322030268938061e-08,1.674216321134595961e-13,3.815170401814610523e-12
4.798828001628262341e-12,3.482325539033202706e-12,5.497167787540961470e+00,9.750200646815515965e-12,2.320743594602024361e-09,7.052136652416507350e-13,1.539435245944057228e-12
7.939733532964417010e-08,6.458855322156694001e+00,6.081464674612855781e+00,4.031932113378304722e-09,2.600127603075347991e-06,1.470970978640141460e-08,1.247891737706610542e-08
3.088932321132156213e-06,2.604682795434705966e-06,2.501111849566212056e-06,3.901309421577007952e-08,7.068689573481845123e+00,7.468282827833289620e-07,6.316066111752759227e+00
1.052171840923095985e-07,8.133679709816929266e-08,7.634416688947482468e-07,7.813186773909031935e+00,6.469559611922333106e-08,1.433413466530109127e-08,4.899405313884532526e-09
3.551317017604929614e-10,1.125074699437275618e-09,5.828945079064565604e+00,1.848119435095193950e-10,8.146818297870913280e-09,5.950573367208867647e-11,2.895528261561965481e-11
3.296794400265211358e-07,6.254280721730847148e+00,6.113799112033697192e+00,3.075653107084751797e-08,1.972188816007573342e+00,1.182025683066963540e+00,1.760589452991069948e+00
7.486394260522825306e+00,1.651582579521789456e-06,5.569828047996944420e+00,8.255807986600483012e-07,1.622131938729701649e-06,3.569243392247322529e-07,5.343532330028553401e-07
9.646961310644116644e-07,3.906344912965378224e+00,6.082931569295690899e+00,2.914775196070075931e-07,5.513310114349020630e+00,1.319833328793475831e-07,5.438271196486175024e-08
5.327962202458695829e-06,5.452441081551646640e+00,4.728048522019889788e+00,8.127385012232622403e-08,1.686355613431568257e+00,3.389499792327464205e-06,7.787463673501596517e+00
2.577153923697774223e-08,1.739742174396039731e+00,5.494763891464993222e+00,5.382827516908227252e-11,6.654010540443449528e+00,2.822036431353402402e-08,2.524421884086840452e-08
7.031745960303624373e-08,4.570539523746621235e-07,4.645939566819582645e+00,7.649615193258497037e+00,4.373363442347917326e-08,6.381929631046642290e-09,8.270903958295310323e-10
6.146358975443624557e-10,1.248301295467135825e-07,6.584790802266628162e+00,3.937272729992651951e-11,1.621004212705110832e-07,2.574118695941772426e-11,8.774159176609159858e-11
8.416293796322815312e-08,6.828715770735221291e+00,5.932235473582860408e+00,9.980552064126105592e-08,1.468385340980686665e-07,5.192852356845324718e-09,2.619457092245347478e-09
2.220446049250312834e-16,2.220446049250312834e-16,4.844186485718683599e+00,5.750955267556656922e-13,4.419067333306137220e-10,8.881784197001248379e-16,8.881784197001248379e-16
2.712779297705789092e-08,3.154966662934238997e+00,6.508094521021757117e+00,2.051532277181304122e-10,3.771653637569990055e-07,7.705813761888815320e-10,6.256135607604435889e-10
1.826771619975501970e+00,3.881138112983289368e+00,3.490298632796069001e+00,3.107393005702376865e+00,3.371011488101824383e-01,7.046509155685220627e+00,7.572968866084373474e+00
7.834790039642956394e+00,1.773065170435608593e-06,2.590524792202639561e-07,4.396940670372011953e-08,8.337308876077015414e-07,5.828517835098016724e-07,5.610508669168581904e-07
1.634137269932415730e-11,7.626839157315673885e-10,5.525452695963800842e+00,5.366818100893993279e-11,1.395854097999154899e-09,4.525935182176671138e-12,3.284705840650593695e-12
8.204548151976541364e-13,5.654943180228835268e-11,5.652489180268650770e+00,3.016475957902000827e-12,4.104309328416019002e-09,4.996003610813079476e-14,7.815970093360796598e-14
1.554312234475207166e-14,3.241851231905404718e-14,2.890363598649281940e+00,2.409183963436299392e-13,3.639435419037746754e-10,1.554312234475217973e-15,6.661338147750937270e-16
7.857186237157452014e-08,6.874050725176155119e+00,5.690841124257126182e+00,1.459245247315055067e-08,2.834257653267021769e-07,6.810422869109563961e-09,3.355612226895051388e-09
1.354853561756138011e-09,3.800309815254016801e-07,6.278521309653349647e+00,1.223687817741098916e-12,7.136747808470991605e-07,4.159117494842112386e-12,2.373854446065208531e-10
3.530371550029768119e-10,1.661533119497956615e-08,6.369900982828227143e+00,5.730857993945179759e-09,1.441775843867052775e-08,3.252509372888964278e-11,1.258881887614541031e-11
2.282707356445238255e-11,8.636047432357814230e-11,5.680172088239148209e+00,8.094541004690310897e-09,1.870978259458908683e-09,7.865708084833373795e-12,1.400435323261191799e-12
7.002038097957855811e+00,6.482553402004781695e+00,3.113116042637998682e+00,8.103740596851792744e-07,6.539445529601473547e-07,2.668616828932949840e-07,2.642432548942520900e-08
4.222716776989753877e-06,4.454404869910656650e+00,1.036637089985698725e-06,8.701563180002512134e-08,2.790624392879327753e-06,1.357449934385674848e-06,8.045265994549973598e+00
2.045400510724598340e-07,2.560682237523576627e-06,5.556743928620753614e+00,7.016342149312131132e-09,6.708110465001191791e+00,2.041604198175596493e-08,1.094979922955673919e-08
1.530376459816197814e-06,3.417395946250651449e-06,1.370765146029913028e-06,1.034184595552266599e-07,2.695806419720849791e-06,7.934188473197959723e+00,5.571796808284066316e+00
3.165713330217746494e-08,1.661528856241612861e-08,5.117992624606123364e+00,7.841050444835558298e-09,1.004483606898523498e-09,1.932942026791435362e-09,2.541586940584353601e-10
2.368484742915487828e+00,6.992094295671026138e+00,4.547400852213994287e-07,6.561961213177946561e+00,1.836395826651921137e-07,5.266116118141455971e+00,1.053407190393432145e-07
1.080847921691482304e-06,2.536264185999206402e-06,4.877644120110697479e+00,2.698824061117377786e-08,3.857820791466978867e-06,2.591612206523690308e-07,8.091221399628603095e+00
